Region,Road Type,Vehicle,2008,2009,2010,2011,2012,2013,2014,2015,2016,2017,2018,2019,2020,2021,2022,2023,2024,2025,2026,2027,2028,2029,2030,2031,2032,2033,2034,2035
England,Motorway,1. Motorcycles,0.00464623449621,0.00447372099357,0.00423354593457,0.00404564172073,0.00435038686136,0.0036442100282,0.00347431401658,0.00344541848476,0.00397174300243,0.00398765913588,0.00399328671922,0.00400962409747,0.00403059423824,0.00398398830025,0.00393213012142,0.00388539582946,0.00384139528641,0.00380282564104,0.00377054458289,0.00374365654069,0.00372588949674,0.00371393539302,0.00370803841928,0.00370711567106,0.00370140423504,0.00368321695794,0.0036491425274,0.00361563416472
England,Motorway,2a. Petrol Cars,0.426678228984,0.429354481867,0.419884443375,0.394402679346,0.369144075771,0.34849354637,0.331763881217,0.315678126251,0.297056274238,0.281450383465,0.270847246159,0.265040617602,0.263051462571,0.262557022788,0.26412467146,0.267487528114,0.272900096529,0.281270389789,0.290266080955,0.299718840268,0.309256028358,0.318598802723,0.327493759945,0.335940044581,0.343754891088,0.350915277085,0.357408625873,0.363235431167
England,Motorway,2b. Diesel Cars,0.324614305334,0.321426983867,0.330446401214,0.356551209452,0.381351104347,0.399353081758,0.410673877404,0.420469120059,0.439817654193,0.456503494147,0.468154298064,0.474962721921,0.47792016414,0.478600031827,0.477201900843,0.473987121479,0.468701236191,0.460427514852,0.450319283833,0.439769203015,0.429149232342,0.418742129925,0.408802432841,0.399395690756,0.390645665112,0.382580792664,0.375215819899,0.368537681015
England,Motorway,2c. Taxis (black cab),0.0,0.0,0.0,0.0,0.0,0.0,0.0,0.0,0.0,0.0,0.0,0.0,0.0,0.0,0.0,0.0,0.0,0.0,0.0,0.0,0.0,0.0,0.0,0.0,0.0,0.0,0.0,0.0
England,Motorway,3a. Petrol LGVs,0.0083683943231,0.0076170587672,0.00717686000735,0.00664957526502,0.00618419899113,0.00568503115493,0.00543331048802,0.00519786572004,0.00453610253071,0.00400296343425,0.00354477523506,0.00317451123403,0.00288112363162,0.00270977208989,0.00258957732039,0.00246804631315,0.00238455691548,0.00228985446073,0.0021953435694,0.00211394550848,0.00204219595686,0.0019773847727,0.00191776191738,0.00186020548946,0.00180662905265,0.00175699136178,0.00171104164488,0.00166849036265
England,Motorway,3b. Diesel LGVs,0.110780831412,0.11328863595,0.115468022803,0.119267577134,0.120791273671,0.128797516344,0.132298142123,0.135864813962,0.134263548654,0.132621216433,0.130928665633,0.129168313393,0.127347349929,0.128491511972,0.129560215095,0.130605373582,0.131590609887,0.132570059084,0.133979775939,0.135350076539,0.136683301758,0.137982296822,0.139248496133,0.140322565172,0.141372118479,0.142398693362,0.143403472478,0.14438484578
England,Motorway,4a. Buses,0.0,0.0,0.0,0.0,0.0,0.0,0.0,0.0,0.0,0.0,0.0,0.0,0.0,0.0,0.0,0.0,0.0,0.0,0.0,0.0,0.0,0.0,0.0,0.0,0.0,0.0,0.0,0.0
England,Motorway,4b. Coaches,0.00445933093771,0.00441051691916,0.00436273107146,0.00401729316911,0.0040923331346,0.003625198589,0.00339178052927,0.00319824836004,0.00319613599086,0.00319593459853,0.00319624333652,0.00319697619586,0.00319805971955,0.00313207340329,0.00306851980438,0.00300722112322,0.00294809515023,0.0028911059866,0.0028533764692,0.00281649624684,0.00278039644049,0.00274503835014,0.00271037752015,0.00267865962877,0.00264751633783,0.00261694957158,0.00258695083816,0.0025574624496
England,Motorway,5a. Rigid HGVs,0.041790737088,0.0412994466642,0.0408182863966,0.0380774651857,0.0400845032486,0.0327326885093,0.0338776410305,0.0361424754618,0.0363634330587,0.0366056190068,0.0368533205876,0.0371056570561,0.0373618677759,0.0368641928623,0.0363857163432,0.0359248580786,0.0354811326841,0.0350545939112,0.0349075457782,0.0347642547267,0.0346240896678,0.0344867707752,0.0343519304162,0.0341280191727,0.0339080791351,0.033692226221,0.033480442943,0.0332720703758
England,Motorway,5b. Artic HGVs,0.0786619374249,0.0781291549713,0.0776097091981,0.0769885587267,0.0740021239763,0.0776687272468,0.0790870531914,0.0800039317018,0.0807951083322,0.0816327297794,0.0824821642656,0.0833415785005,0.0842093779937,0.0836614067576,0.0831372690132,0.0826344554806,0.0821528773567,0.0816936562751,0.0817080488738,0.0817235271552,0.0817388659802,0.081753641239,0.0817672028075,0.0819676995289,0.0821636965598,0.0823558527766,0.0825445037968,0.0827283846855
England,Rural,1. Motorcycles,0.0100533553124,0.0099017729008,0.00860309368494,0.00930244788811,0.00929032802727,0.00932723750505,0.00933703589152,0.00889325772918,0.00896705119505,0.00876910231097,0.00856940086506,0.00839726415594,0.0082486925464,0.00809456879216,0.00795732304322,0.00784663199244,0.00774028216185,0.0076386710077,0.00756689474781,0.00750404941245,0.00745824251549,0.00742830707702,0.00740151541154,0.00737041646858,0.00733452525128,0.00728609695396,0.00722099215357,0.00715695132989
England,Rural,2a. Petrol Cars,0.517984769088,0.512937818768,0.500559225419,0.480387155595,0.458823274554,0.449965881665,0.428270791286,0.407610834641,0.390739413511,0.376521457467,0.366763228541,0.361239404655,0.359016547348,0.357836924146,0.35854420779,0.360891761426,0.365108870273,0.372007744535,0.379444128501,0.387308031921,0.395266135569,0.403074181385,0.410514849657,0.417691799717,0.424341507076,0.43044040309,0.435972340416,0.440928908279
England,Rural,2b. Diesel Cars,0.271774734783,0.275506165659,0.28749276391,0.306314355396,0.327778865085,0.338293540517,0.356912700082,0.373384100682,0.39097663563,0.406093687324,0.416707180889,0.42302171785,0.42597993156,0.426640846081,0.425411140766,0.422529980001,0.417783716136,0.410354453724,0.401396456876,0.392030720143,0.382585153409,0.373305521678,0.36441961469,0.356062132727,0.348259403209,0.341040641124,0.334424776703,0.328405951619
England,Rural,2c. Taxis (black cab),0.0,0.0,0.0,0.0,0.0,0.0,0.0,0.0,0.0,0.0,0.0,0.0,0.0,0.0,0.0,0.0,0.0,0.0,0.0,0.0,0.0,0.0,0.0,0.0,0.0,0.0,0.0,0.0
England,Rural,3a. Petrol LGVs,0.00972625845912,0.0088855695489,0.00841156734823,0.00777375772578,0.00716129470955,0.00619772359675,0.00594528555934,0.00570800466892,0.00504603175074,0.00451100932442,0.00404772249195,0.00367402637093,0.00338059561984,0.00317943301334,0.00303837528847,0.00289563972818,0.00279766451891,0.00268643124114,0.00257767513968,0.00248411315658,0.00240170244604,0.00232727920014,0.00225883683207,0.002191276864,0.00212839574313,0.00207014926985,0.00201624633083,0.00196634456718
England,Rural,3b. Diesel LGVs,0.128756241285,0.132155216942,0.135333147,0.139431048184,0.139876144079,0.140412846384,0.144764455414,0.149199120217,0.149399494436,0.149538221947,0.149635249118,0.149666533525,0.149637732621,0.151012641771,0.152295980584,0.153549038477,0.154731277393,0.155905745416,0.157728564999,0.159504476259,0.161235762223,0.162925586395,0.164577926109,0.165895900888,0.167185414657,0.168448317458,0.169686133608,0.170896700884
England,Rural,4a. Buses,0.00498545836159,0.0048687785696,0.00475856191429,0.00437064418073,0.00452817474435,0.00415974810492,0.0041137071269,0.00380919477488,0.00380140749355,0.00379510350615,0.00378941943843,0.00378421266795,0.00377939910241,0.00371088097487,0.00364470852542,0.003580708815,0.00351887654144,0.00345917808111,0.00342117594149,0.00338391720508,0.0033473248139,0.00331136310266,0.00327603786381,0.00324133789853,0.00320725318893,0.00317378946329,0.00314094141151,0.00310863671211
England,Rural,4b. Coaches,0.00193878936284,0.00189341388818,0.00185055185556,0.00169969495917,0.00176095684502,0.00161767981858,0.00159977499379,0.00148135352357,0.00147832513638,0.00147587358572,0.00147366311495,0.00147163825976,0.00146976631761,0.00144312037912,0.00141738664877,0.0013924978725,0.00136845198834,0.00134523592043,0.00133045731058,0.00131596780197,0.00130173742763,0.0012877523177,0.00127401472481,0.00126052029387,0.00124726512903,0.00123425145794,0.00122147721559,0.00120891427693
England,Rural,5a. Rigid HGVs,0.0303759232508,0.0296823709586,0.0290280964649,0.0270101168249,0.0283068862337,0.0264593572687,0.0257497657162,0.0260413085155,0.0257780829114,0.0255316266269,0.0252956600902,0.0250688820623,0.0248504236562,0.0245183575553,0.0241979638297,0.023888292521,0.0235894967227,0.0233015395652,0.0231809716666,0.0230629229727,0.0229469390013,0.0228328390321,0.0227207247519,0.0225777248068,0.0224373149978,0.0222995813261,0.0221645329682,0.0220317039028
England,Rural,5b. Artic HGVs,0.0244044700971,0.0241688927649,0.0239629924028,0.0237107792463,0.0224740757213,0.0235659851402,0.02330648393,0.0238728252476,0.0238135579351,0.0237639179079,0.0237184754507,0.0236763204533,0.0236369112288,0.0235632272865,0.0234929135241,0.0234254491667,0.0233613642644,0.0233010005101,0.0233536748175,0.0234058011279,0.0234570025951,0.0235071698124,0.0235564799599,0.0237088903363,0.0238589207475,0.0240067698573,0.024152559193,0.0242958884291
England,Urban,1. Motorcycles,0.0143890835726,0.0151096478199,0.0138754920381,0.0135015602691,0.014159915374,0.0101307929611,0.0103862007297,0.0106122827038,0.0115055471656,0.0109348578413,0.0103945638657,0.00992555573021,0.00952205474894,0.00931482033025,0.00913747101324,0.00900556228192,0.00888447155205,0.00877398769739,0.00868357749706,0.00860876020126,0.00856418281851,0.00854593614392,0.00853390589484,0.00852386562345,0.00850700418894,0.00846984876312,0.00840595076746,0.00834250531606
England,Urban,2a. Petrol Cars,0.562845771171,0.554264689028,0.538821312559,0.522055297857,0.5005573122,0.48646378081,0.480427276175,0.477543578594,0.463145157328,0.451599819277,0.443796932401,0.439602423935,0.438162069251,0.43662035934,0.436861289701,0.438684178238,0.442352366137,0.448720447994,0.455800255036,0.463432095968,0.471319782025,0.479300965122,0.487197976067,0.495131284895,0.502790887116,0.510148068376,0.517221865187,0.523966329682
England,Urban,2b. Diesel Cars,0.262332636728,0.268344035932,0.282824419502,0.299154950645,0.319842104305,0.336024934789,0.336124034824,0.336607700203,0.353071907427,0.367740185013,0.378343493989,0.385117861855,0.388951114155,0.389773708154,0.388897038839,0.386560286865,0.382604741802,0.376326778749,0.368869833577,0.361038712351,0.353104855934,0.345296963788,0.337828989842,0.330778989581,0.324140456686,0.317929831268,0.312165344553,0.306830496438
England,Urban,2c. Taxis (black cab),0.0,0.0,0.0,0.0,0.0,0.0,0.0,0.0,0.0,0.0,0.0,0.0,0.0,0.0,0.0,0.0,0.0,0.0,0.0,0.0,0.0,0.0,0.0,0.0,0.0,0.0,0.0,0.0
England,Urban,3a. Petrol LGVs,0.00775067281203,0.00733935479372,0.00676477863073,0.00639665519998,0.00428524894594,0.0064402278251,0.00620010137962,0.00588784915081,0.00513802471206,0.00454117091068,0.00403440988235,0.00362746438508,0.00330753995455,0.00311607712947,0.00298063772878,0.00284029928325,0.0027393449272,0.00261875913369,0.00249706532489,0.00238866246321,0.00228990632716,0.0021967960994,0.00210722080985,0.00201751486945,0.00193213925106,0.00185130250452,0.00177418460465,0.00170088447089
England,Urban,3b. Diesel LGVs,0.11527587976,0.118082390601,0.121333878478,0.124941019839,0.126857418084,0.132981868893,0.139006467033,0.142672107783,0.141006282776,0.139516961751,0.138200906365,0.13690475124,0.135617020971,0.137074675084,0.138350781416,0.139452948621,0.140263715763,0.14068760035,0.141431158355,0.141962399278,0.142296332455,0.142373576129,0.142178110652,0.141515044338,0.140714066033,0.139801333404,0.138747106219,0.137587949128
England,Urban,4a. Buses,0.0111678852944,0.0111812149829,0.0112170197562,0.0103148247639,0.0102535627216,0.00903352323413,0.00876675404062,0.00816234568822,0.00809986434894,0.0080539244118,0.00801035068052,0.00797003837428,0.00793244120207,0.00777402080167,0.00762091153801,0.0074728028869,0.00733062814067,0.00719547468914,0.00711160033488,0.00703004341571,0.00695038362645,0.0068728885335,0.00679813298315,0.00672167754356,0.00664666241012,0.00657288096282,0.00650023922426,0.00642830204766
England,Urban,4b. Coaches,0.00434306650338,0.00434825027114,0.00436217434962,0.0040113207415,0.00398749661394,0.00351303681327,0.00340929323802,0.00317424554542,0.00314994724681,0.0031320817157,0.00311513637576,0.00309945936778,0.00308483824525,0.00302323031176,0.00296368782034,0.00290609001157,0.00285079983248,0.00279824015689,0.00276562235245,0.00273390577278,0.00270292696584,0.00267278998525,0.00264371838234,0.00261398571139,0.00258481315949,0.00255612037443,0.00252787080944,0.00249989524076
England,Urban,5a. Rigid HGVs,0.0174782591649,0.0170384197517,0.0166267612215,0.0154892434993,0.0159588416814,0.0123433839479,0.0125639064405,0.0120242316156,0.0116511266414,0.0113216782146,0.0110131516146,0.0107251006171,0.0104552551502,0.010344841443,0.0102387195177,0.0101366226377,0.0100399750778,0.00995046741358,0.00989613707174,0.00984400485046,0.0097935300116,0.00974513291269,0.00969968236805,0.00967666479954,0.0096543477624,0.00963247078756,0.00961092971758,0.00958910698978
England,Urban,5b. Artic HGVs,0.00441674499341,0.00429199681872,0.00417416346484,0.00413512718609,0.00409810007335,0.00306845072617,0.00311596613902,0.00331565871595,0.00323214235418,0.00315932086444,0.00309105482607,0.00302734449571,0.00296766632206,0.00295826740651,0.00294946242645,0.00294120917439,0.0029339567676,0.00292824381607,0.00294475045068,0.00296141569919,0.00297809983625,0.00299495128654,0.00301226300096,0.0030209726391,0.00302962339352,0.00303814356049,0.00304650891726,0.0030545306868
Northern Ireland,Motorway,1. Motorcycles,0.00776523008742,0.00705621573102,0.00669569117887,0.00604579787534,0.0065860442983,0.00454592188402,0.00447835787022,0.00407251971576,0.00467726311625,0.00470213914944,0.00471396040239,0.00473784531105,0.00476677659301,0.00470882060627,0.00464452976191,0.00458624287969,0.00453107286766,0.00448217576357,0.00444603794404,0.0044162602798,0.00439733524487,0.00438540964169,0.0043809932665,0.00438182055467,0.00437716496247,0.00435822534074,0.00432103303986,0.00428447015231
Northern Ireland,Motorway,2a. Petrol Cars,0.454288724409,0.484039254786,0.46767794207,0.455872622256,0.455576498853,0.444098094123,0.421811142738,0.409937952965,0.417847030365,0.419951165552,0.422195005909,0.424714346036,0.427024350778,0.429689161056,0.43305694358,0.436761863093,0.441126433736,0.44731592481,0.453604979102,0.460126408759,0.466860230544,0.473762022938,0.480712865511,0.487687880826,0.494536318167,0.501188804348,0.507544851821,0.513496304747
Northern Ireland,Motorway,2b. Diesel Cars,0.378435513346,0.423796963468,0.432984184882,0.444257131471,0.446266420545,0.452742787407,0.476132485516,0.485794788525,0.478288973387,0.477111838687,0.475808993579,0.474222001572,0.472842015971,0.470640764396,0.467728364711,0.464460184598,0.460516968555,0.454731192784,0.448222078169,0.441479787809,0.43452009724,0.427390783856,0.420210177365,0.413028029771,0.405981019095,0.399146380542,0.392628091101,0.386517141861
Northern Ireland,Motorway,2c. Taxis (black cab),0.0,0.0,0.0,0.0,0.0,0.0,0.0,0.0,0.0,0.0,0.0,0.0,0.0,0.0,0.0,0.0,0.0,0.0,0.0,0.0,0.0,0.0,0.0,0.0,0.0,0.0,0.0,0.0
Northern Ireland,Motorway,3a. Petrol LGVs,0.00158883479108,0.000617960179928,0.000688202832916,0.000695741138943,0.00104426188054,0.000656076837524,0.000507963621937,0.000474588197326,0.000468481958015,0.000462629156781,0.000456899082772,0.000451139278575,0.000445346878054,0.000448611468808,0.000451688881763,0.00045460768292,0.000457343406907,0.000459792365935,0.000464224607751,0.000468407279239,0.000472330191411,0.000475959818105,0.000479241693252,0.000481661453037,0.000483845165291,0.000485808759404,0.000487545206153,0.000489057247881
Northern Ireland,Motorway,3b. Diesel LGVs,0.065923608722,0.0259989486599,0.0300380104533,0.0316098390793,0.0309135752998,0.03198698193,0.034275871222,0.0354377881111,0.034990501755,0.0345628653883,0.0341345502765,0.0337048261291,0.0332739457331,0.0335215010706,0.0337610428701,0.0339925414773,0.0342165115035,0.0344333123274,0.0348019016888,0.0351632200793,0.0355173217328,0.0358645745445,0.036205204503,0.0364931581877,0.0367764877952,0.037055645251,0.037330926971,0.0376017450578
Northern Ireland,Motorway,4a. Buses,0.0,0.0,0.0,0.0,0.0,0.0,0.0,0.0,0.0,0.0,0.0,0.0,0.0,0.0,0.0,0.0,0.0,0.0,0.0,0.0,0.0,0.0,0.0,0.0,0.0,0.0,0.0,0.0
Northern Ireland,Motorway,4b. Coaches,0.00452913667174,0.00871703764504,0.00741667217253,0.00716232714094,0.00701045087639,0.00784896356653,0.00777220168658,0.00725052624444,0.00725475984657,0.00726323511794,0.00727182597641,0.00728034909506,0.00728885562331,0.00714317370126,0.00700247891924,0.00686643610836,0.00673483607209,0.00660744279812,0.00652908515854,0.00645222818823,0.00637679946661,0.00630278242861,0.00623013364905,0.00616352413698,0.00609810994095,0.00603391320691,0.00597092593543,0.00590900461115
Northern Ireland,Motorway,5a. Rigid HGVs,0.0435822585393,0.0178917103501,0.0203596147324,0.0200797293725,0.0200242572573,0.0250566679503,0.0251073168609,0.0265890621595,0.0256775682836,0.024779468288,0.0238795867504,0.0229773007861,0.0220727912745,0.0217776499576,0.0214926731272,0.0212170904617,0.0209504986675,0.0206923958113,0.0206296026261,0.020567924628,0.0205072339949,0.0204475767486,0.0203889099201,0.0202669012072,0.0201471312634,0.0200297200139,0.019914688594,0.0198016038757
Northern Ireland,Motorway,5b. Artic HGVs,0.0438866934336,0.0318819091804,0.0341396816783,0.0342768116659,0.0325784909896,0.033064506301,0.0299146604844,0.0304427740822,0.0307954212886,0.0311666586606,0.031539178023,0.0319121917928,0.0322859171493,0.0320703177433,0.0318622781489,0.0316610336993,0.0314663351909,0.0312777633405,0.0313020907038,0.0313257629775,0.0313486515857,0.0313708900243,0.0313924740917,0.0314970238634,0.0315999236103,0.031701502538,0.0318019373323,0.0319006724468
Northern Ireland,Rural,1. Motorcycles,0.00375749646155,0.00367171258237,0.00327121880542,0.00332133771487,0.00335082526613,0.00288461133652,0.00295813869599,0.00259589825608,0.0026187015083,0.00254137380436,0.00246499995833,0.00239815357506,0.00233944862718,0.00229949504779,0.00226411976421,0.0022362341425,0.00220930651736,0.00218341441465,0.00216441161219,0.00214797646018,0.00213654707509,0.00212979996593,0.00212395213494,0.00211677712021,0.00210814137549,0.00209572415543,0.00207828816751,0.00206113991327
Northern Ireland,Rural,2a. Petrol Cars,0.472136581118,0.470941828286,0.460969750898,0.448494850682,0.448212240471,0.438020361168,0.415443010449,0.403817730122,0.411204245152,0.41267868411,0.414287517747,0.416169610978,0.417846640403,0.42021259296,0.423265961265,0.426651939095,0.430686231586,0.436506150694,0.442464503825,0.448648827588,0.45504044268,0.461594362135,0.468196695583,0.474861364217,0.481399352112,0.487740028252,0.493784265135,0.499433721778
Northern Ireland,Rural,2b. Diesel Cars,0.393303288954,0.412329609271,0.426773627518,0.437067343193,0.439052656804,0.446546746947,0.468944257545,0.478542051031,0.470685303409,0.4688494804,0.466897343912,0.464681232818,0.462679581281,0.460261030261,0.457153496406,0.453709115049,0.449617847855,0.443742222338,0.437213806191,0.430467335571,0.42351908444,0.416414078598,0.40926929693,0.402165117052,0.395196454502,0.388435785543,0.381983134574,0.375932003612
Northern Ireland,Rural,2c. Taxis (black cab),0.0,0.0,0.0,0.0,0.0,0.0,0.0,0.0,0.0,0.0,0.0,0.0,0.0,0.0,0.0,0.0,0.0,0.0,0.0,0.0,0.0,0.0,0.0,0.0,0.0,0.0,0.0,0.0
Northern Ireland,Rural,3a. Petrol LGVs,0.00170660582953,0.00141651027915,0.00124757328298,0.00125888396796,0.00189524045137,0.00121345868223,0.000883408673397,0.000824641293413,0.000816750836032,0.000809270520865,0.000802338656302,0.000795681839461,0.000789271015167,0.000796964897479,0.000804296193918,0.000811321608298,0.000817999055646,0.000824143800549,0.000832946916496,0.000841308384249,0.000849210220755,0.000856587662737,0.000863344700574,0.000867969916449,0.000872163707316,0.000875948751563,0.000879309597968,0.000882262874993
Northern Ireland,Rural,3b. Diesel LGVs,0.0708101406014,0.0595957138016,0.054452869885,0.0571952949444,0.0561053309487,0.0591620961469,0.05960978428,0.0615764647926,0.0610023952313,0.0604603226264,0.0599420533658,0.059445761712,0.058970124686,0.0595514415515,0.0601163309072,0.0606652383091,0.0611992513167,0.0617191649741,0.0624442052744,0.0631568149794,0.0638571769872,0.0645456841428,0.0652229801392,0.0657618816359,0.0662921121022,0.066814040644,0.0673279974296,0.0678338248603
Northern Ireland,Rural,4a. Buses,0.00159002342747,0.00147565825499,0.00142194503764,0.00137061755469,0.00133261371552,0.00335142605788,0.00337318106494,0.00315411146567,0.00308115825124,0.00301180366176,0.00294551071172,0.00288205609904,0.00282126358387,0.00277589713049,0.00273179817596,0.00268890602784,0.00264718843552,0.00260659750357,0.00258025498866,0.00255436366244,0.00252890571006,0.00250387088858,0.00247925789296,0.00245469959559,0.00243056124256,0.00240683782503,0.00238352188271,0.00236059070678
Northern Ireland,Rural,4b. Coaches,0.000618342444017,0.000573867099164,0.00055297862575,0.000533017937933,0.000518238667145,0.00130333235584,0.00131179263637,0.00122659890332,0.00119822820881,0.00117125697957,0.00114547638789,0.00112079959407,0.0010971580604,0.00107951555075,0.00106236595732,0.00104568567749,0.00102946216937,0.00101367680694,0.00100343249559,0.000993363646504,0.000983463331689,0.000973727567783,0.000964155847262,0.000954605398283,0.000945218260997,0.000935992487511,0.000926925176611,0.000918007497081
Northern Ireland,Rural,5a. Rigid HGVs,0.037245698098,0.0337209010396,0.0345684352046,0.0339811890347,0.0339364004015,0.030537209614,0.0304719112652,0.0308230215714,0.0321220464209,0.0333656362756,0.0345545429282,0.035692000186,0.0367812720307,0.0363656624998,0.0359616268815,0.0355685767463,0.0351862877452,0.0348143197915,0.0346814081176,0.0345507243388,0.0344221254592,0.0342955666478,0.0341711232741,0.0339609955293,0.0337544814937,0.0335515684054,0.033352208459,0.0331561384077
Northern Ireland,Rural,5b. Artic HGVs,0.0188318230659,0.0162741993865,0.0167416007424,0.016777464971,0.0155964532749,0.0169807576922,0.0170045153906,0.0174394825644,0.0172711709821,0.0171121716221,0.0169602163327,0.0168147031987,0.0166752403124,0.0166574001014,0.0166400044488,0.0166229833446,0.0166064253199,0.0165903096771,0.0166150305781,0.0166392853691,0.0166630440963,0.0166863223915,0.0167091934982,0.0168565895349,0.0170015152042,0.0171440739359,0.0172843495769,0.017422310349
Northern Ireland,Urban,1. Motorcycles,0.0121538841825,0.01222310702,0.0110115785356,0.0100900569156,0.0106456599152,0.00786374051439,0.0081398485833,0.00759454045441,0.00815074661167,0.00770035004006,0.00728037156956,0.00691623410593,0.00660278950113,0.00647071449519,0.00635753610926,0.00627409019631,0.00619595756921,0.00612195985257,0.0060611141948,0.0060100121982,0.00597898146529,0.00596508149659,0.00595402117461,0.00594191751914,0.00592493899611,0.00589404615176,0.00584490009412,0.00579656684378
Northern Ireland,Urban,2a. Petrol Cars,0.48603156613,0.483264051859,0.472032755674,0.459951436337,0.459465605746,0.444125194273,0.420937078509,0.410019603625,0.418988661822,0.422216126401,0.425472161384,0.428903544927,0.432029827778,0.434473882715,0.437633068027,0.44114339273,0.445343285198,0.45142980585,0.457820717937,0.464494695412,0.471442294268,0.478638418808,0.4859633676,0.493483490689,0.500994663151,0.508442576087,0.515763367527,0.522853658504
Northern Ireland,Urban,2b. Diesel Cars,0.40487820927,0.42311824032,0.437015945307,0.448232018655,0.450076050358,0.452770415081,0.475145858251,0.485891548205,0.479572001728,0.479647829937,0.479442453496,0.478811129152,0.478260438959,0.475708708196,0.472430198382,0.468778781268,0.464438202475,0.458212292889,0.451391646427,0.444286664909,0.436897188508,0.429250851773,0.421480255881,0.413654522815,0.405847582256,0.398121845143,0.390544984082,0.38320285852
Northern Ireland,Urban,2c. Taxis (black cab),0.0,0.0,0.0,0.0,0.0,0.0,0.0,0.0,0.0,0.0,0.0,0.0,0.0,0.0,0.0,0.0,0.0,0.0,0.0,0.0,0.0,0.0,0.0,0.0,0.0,0.0,0.0,0.0
Northern Ireland,Urban,3a. Petrol LGVs,0.00133071728102,0.00102453350887,0.000988534942219,0.000999002262043,0.001481853414,0.00119369768543,0.000870703965979,0.000805396634353,0.000763195169921,0.000725171216726,0.000690303455567,0.00065801297032,0.000628013549841,0.000634942716303,0.000641574190224,0.000647944721067,0.000654025583538,0.000659651455853,0.000666947892744,0.000673845253337,0.000680301124273,0.000686224238292,0.00069148290644,0.000694305307552,0.000696552623375,0.000698200349054,0.00069915940567,0.000699373125243
Northern Ireland,Urban,3b. Diesel LGVs,0.0552138497004,0.0431043859501,0.0431466153692,0.0453880027722,0.0438677193439,0.0581986500815,0.0587525084899,0.0601394544458,0.0570024134371,0.0541774286002,0.0515721252726,0.0491605871866,0.0469219761457,0.0474449042194,0.0479542526358,0.0484499006918,0.0489335090558,0.0494057309336,0.0500099226424,0.0506044364799,0.0511889845672,0.0517639973449,0.052330552171,0.0527450577788,0.0531533036972,0.0535559938219,0.0539536463711,0.0543454517769
Northern Ireland,Urban,4a. Buses,0.0030872393773,0.00345771070722,0.0031411740554,0.00303235673109,0.00288799515174,0.00510904675739,0.0050741168726,0.00482376527845,0.00461556022646,0.00442887168556,0.0042567176811,0.00409734544432,0.00394937906118,0.00389937967858,0.0038505571313,0.0038028263872,0.00375623983646,0.00371076052337,0.00367761144483,0.00364495185289,0.00361273276827,0.00358095468928,0.00354965858832,0.00351624768567,0.00348342380988,0.00345120340517,0.0034195860923,0.00338849168572
Northern Ireland,Urban,4b. Coaches,0.00120059309117,0.00134466527503,0.00122156768821,0.00117924983987,0.00112310922568,0.00198685151676,0.00197326767268,0.0018759087194,0.00179494008807,0.00172233898883,0.00165539020931,0.00159341211723,0.0015358696349,0.00151642543056,0.00149743888439,0.00147887692835,0.0014607599364,0.00144307353686,0.00143018222854,0.00141748127613,0.0014049516321,0.00139259349027,0.00138042278435,0.00136742965554,0.00135466481495,0.00134213465757,0.0013298390359,0.00131774676667
Northern Ireland,Urban,5a. Rigid HGVs,0.0275502008111,0.023390249436,0.0223460013286,0.0219988100882,0.0214669208122,0.0204669444674,0.020711676463,0.0201649898098,0.0207046863007,0.0212202640837,0.0216958568302,0.0221353162252,0.0225425031206,0.0223382487466,0.0221387011123,0.0219434422361,0.0217528429221,0.0215667591009,0.0214526014555,0.021340051811,0.0212288500106,0.0211190236012,0.0210108398429,0.0209443621186,0.0208791236966,0.0208152840539,0.0207529032368,0.0206915541115
Northern Ireland,Urban,5b. Artic HGVs,0.0085537401563,0.00907305592437,0.00909582709944,0.00912906639948,0.00898508603331,0.00828545962291,0.00839494119287,0.00868479282808,0.00840779461547,0.00816161904644,0.00793462010123,0.00772441787151,0.00752920225032,0.00751279380242,0.00749667352717,0.00748074484109,0.00746517742364,0.00744996585774,0.00748925577797,0.00752786080757,0.00756571565612,0.00760285455929,0.00763939905156,0.00765266643032,0.00766574695504,0.00767871633122,0.00769161415478,0.00770429866632
Scotland,Motorway,1. Motorcycles,0.00372513152694,0.00382828439334,0.00424549134487,0.00409595520736,0.00470994280414,0.00388137601525,0.00386454320029,0.00374626223257,0.00400523532887,0.00392314974629,0.00383108132644,0.00375231319229,0.00368049872852,0.00360174422668,0.00352026129364,0.00344568517593,0.00337543291993,0.00331242637832,0.00326629772118,0.00322671594523,0.00319710294116,0.00317450147366,0.0031604837756,0.00314742289705,0.00313180422662,0.00310949992946,0.00307840790379,0.00304793732017
Scotland,Motorway,2a. Petrol Cars,0.403297518316,0.407672498513,0.396720421258,0.372162559857,0.354333335308,0.324843773172,0.318457965512,0.304812094147,0.286755673367,0.271536275836,0.261301636866,0.255897512049,0.254353120812,0.254266212979,0.256297476115,0.260175058952,0.2661746898,0.275262502048,0.28484463208,0.294905594715,0.305059597074,0.315017155893,0.324513637628,0.333357787982,0.341541939921,0.349040793296,0.355840052012,0.361942180645
Scotland,Motorway,2b. Diesel Cars,0.335791506919,0.339152448848,0.345190131509,0.369301570829,0.404474751555,0.409458356864,0.414239932979,0.42547506103,0.446203137759,0.464237056123,0.477192384333,0.485211491814,0.489274841426,0.490675171328,0.489898986307,0.487215190582,0.482353674837,0.474349660313,0.464094042183,0.453373795167,0.442571457065,0.431978076892,0.421856483743,0.41204366407,0.402914718922,0.394497259018,0.386806405615,0.379831983131
Scotland,Motorway,2c. Taxis (black cab),0.0,0.0,0.0,0.0,0.0,0.0,0.0,0.0,0.0,0.0,0.0,0.0,0.0,0.0,0.0,0.0,0.0,0.0,0.0,0.0,0.0,0.0,0.0,0.0,0.0,0.0,0.0,0.0
Scotland,Motorway,3a. Petrol LGVs,0.00791294113426,0.00738335953331,0.0067576190525,0.00637311702781,0.00390453345536,0.00588014160006,0.00572093714135,0.00552593678847,0.00485399105498,0.00431256820634,0.00384621667051,0.00347021883776,0.00317415461159,0.0029747072594,0.00283282075455,0.0026907694736,0.00259112202349,0.00248015755169,0.00237873972261,0.00229139802141,0.00221442803025,0.00214492530283,0.00208101423701,0.00201762521787,0.00195866032411,0.00190405626248,0.00185352858207,0.00180676688088
Scotland,Motorway,3b. Diesel LGVs,0.117570134312,0.118790379926,0.121205463426,0.124481266555,0.115586991379,0.13321785109,0.139301693999,0.144440124884,0.14364222927,0.142817975166,0.141969994607,0.14107699936,0.140147905264,0.140874828279,0.141528031027,0.142164552841,0.142743071046,0.143317480483,0.144873183757,0.146384758777,0.14785628967,0.149291972697,0.150694262045,0.151763670027,0.152809643335,0.153833459726,0.154836293384,0.155817511268
Scotland,Motorway,4a. Buses,0.0,0.0,0.0,0.0,0.0,0.0,0.0,0.0,0.0,0.0,0.0,0.0,0.0,0.0,0.0,0.0,0.0,0.0,0.0,0.0,0.0,0.0,0.0,0.0,0.0,0.0,0.0,0.0
Scotland,Motorway,4b. Coaches,0.00782050399819,0.00782473805288,0.00844178312556,0.00923979624713,0.00638532238647,0.00927469964746,0.00874108006063,0.00740659320288,0.00741829271822,0.00743190705526,0.00744501530694,0.00745747914308,0.0074693789786,0.00726548638386,0.00707012017262,0.00688267358417,0.00670267269914,0.0065296479175,0.00643465697741,0.00634169171918,0.00625066257726,0.00616152373289,0.00607420360094,0.00599024400124,0.00590797912682,0.00582738095565,0.00574841064859,0.00567096532369
Scotland,Motorway,5a. Rigid HGVs,0.0481435594569,0.0456136834722,0.0461968248602,0.0452480613723,0.0450406445457,0.0446597880071,0.0417907599008,0.0402228241273,0.0397193105793,0.0392477763477,0.0387938661372,0.0383557568453,0.0379328591656,0.0372591861645,0.0366143228185,0.0359960840171,0.0354028882142,0.0348331033138,0.0348554869292,0.0348759068199,0.0348943340522,0.0349109576987,0.0349258034554,0.0345272963897,0.0341360189874,0.0337518877747,0.033374754616,0.0330040962026
Scotland,Motorway,5b. Artic HGVs,0.0757387043368,0.0697346072612,0.0712422654227,0.0690976729045,0.0655644785657,0.0687840136043,0.0678830872063,0.0683711035882,0.0674021299233,0.066493291519,0.0656198047528,0.0647782287598,0.0639672410137,0.0630826633788,0.0622379815118,0.0614299853743,0.0606564484601,0.0599150219947,0.0592529606298,0.0586001388349,0.0579561285906,0.0573208863098,0.0566941115149,0.057152289415,0.0575992351571,0.0580356630371,0.0584621472383,0.0588785592281
Scotland,Rural,1. Motorcycles,0.00854205751436,0.00862961729227,0.00767692934797,0.00805869359081,0.00808338364156,0.00809318971653,0.00827421851631,0.00790353287176,0.00833951034652,0.00807980837453,0.00782401564273,0.0076030431792,0.00741157436424,0.00729789987582,0.00720014289057,0.00712925481169,0.00706118983904,0.00699605447757,0.00691397513709,0.00684245790903,0.00679054194115,0.0067568221177,0.00672677366538,0.00669855521552,0.00666493472616,0.00661715821353,0.00655076762627,0.00648571451074
Scotland,Rural,2a. Petrol Cars,0.48834741497,0.484713820845,0.470540416142,0.453915296698,0.435356995209,0.420131251441,0.406639639311,0.386358757208,0.371716996714,0.359544481994,0.351419603632,0.347175270275,0.345937150021,0.34440464629,0.344681600528,0.346504938653,0.350100451108,0.356286669957,0.363725536013,0.371576092494,0.379529550707,0.387357703052,0.394852977813,0.401909749638,0.408472006612,0.414514159552,0.420015150044,0.42495979565
Scotland,Rural,2b. Diesel Cars,0.276907501135,0.285471822307,0.29508483763,0.313417805235,0.33809887959,0.345550726442,0.355749875061,0.370634225517,0.387390232058,0.40211435615,0.412700128038,0.419295217109,0.422782351345,0.422416003931,0.420272835681,0.416606855274,0.411208812975,0.403259451491,0.394761613421,0.385869811994,0.376885150448,0.368036159461,0.359540712802,0.351353889773,0.343692217427,0.336586917462,0.330061454638,0.324115044643
Scotland,Rural,2c. Taxis (black cab),0.0,0.0,0.0,0.0,0.0,0.0,0.0,0.0,0.0,0.0,0.0,0.0,0.0,0.0,0.0,0.0,0.0,0.0,0.0,0.0,0.0,0.0,0.0,0.0,0.0,0.0,0.0,0.0
Scotland,Rural,3a. Petrol LGVs,0.009484452184,0.00871154598374,0.00809206397123,0.00745637511761,0.00510866438456,0.00659631513297,0.0063466921577,0.00612936230009,0.00538434992209,0.00478594299272,0.00427068534275,0.00385518846043,0.00352786170795,0.00334516463505,0.00322132656246,0.00309312497175,0.00300947663379,0.00290985665468,0.00279279161793,0.00269197730519,0.00260311579283,0.00252284442515,0.00244903128986,0.00237644542483,0.00230891491879,0.00224638215854,0.00218852567452,0.00213496697357
Scotland,Rural,3b. Diesel LGVs,0.140919576959,0.140159483293,0.145140227067,0.145639726133,0.151233214654,0.149443157477,0.154538486792,0.160212809153,0.159179374032,0.158180803282,0.157159104712,0.156089766589,0.154982283008,0.157483238116,0.159873469575,0.162214962103,0.164464801095,0.166684103702,0.168470041939,0.170204169657,0.171890169412,0.173532550692,0.175136921922,0.176407848216,0.17765164886,0.178870665474,0.180066725732,0.181237202839
Scotland,Rural,4a. Buses,0.00804874644249,0.00832760403869,0.0085025800824,0.00793384790565,0.00735961676417,0.00794695235554,0.00785607055,0.00765090789921,0.0076530833643,0.00766029644465,0.00766718134824,0.00767351724674,0.00767936482352,0.00758888170217,0.00749991072441,0.00741235115806,0.00732635061845,0.0072418850176,0.00715468814268,0.0070693345873,0.00698570065449,0.00690374080452,0.00682350147079,0.0067451935707,0.00666854054293,0.00659354864222,0.0065201956073,0.00644830165221
Scotland,Rural,4b. Coaches,0.00313006806097,0.00323851268171,0.00330655892093,0.00308538529664,0.00286207318607,0.0030904814716,0.00305513854722,0.00297535307191,0.00297619908612,0.00297900417292,0.00298168163543,0.00298414559596,0.00298641965359,0.00295123177306,0.00291663194838,0.00288258100591,0.00284913635162,0.00281628861796,0.00278237872215,0.00274918567284,0.00271666136563,0.00268478809065,0.00265358390531,0.00262313083305,0.00259332132225,0.00256415780531,0.00253563162506,0.00250767286475
Scotland,Rural,5a. Rigid HGVs,0.0394324604525,0.0371522075376,0.0377005589172,0.0370301593458,0.0315106131168,0.0358494426909,0.0348334514747,0.0351015011161,0.0345771208677,0.0340970745541,0.0336355135233,0.0331903499431,0.0327608379473,0.0325349742216,0.0323122089755,0.0320921840824,0.0318756138521,0.031662474924,0.0316153143001,0.0315680812835,0.0315205044771,0.031472643516,0.0314249710769,0.0310571705946,0.0306961953278,0.030342096526,0.0299947929751,0.0296534779461
Scotland,Rural,5b. Artic HGVs,0.0251877222812,0.0235953860204,0.0239558279208,0.0234627106776,0.0203865594544,0.0232984832723,0.0227064275895,0.023033550863,0.0227831336101,0.0225582320346,0.022342086125,0.0221335016015,0.0219321571293,0.0219779594552,0.0220218731156,0.0220637479404,0.0221041675275,0.0221432151581,0.0217836607073,0.021428889098,0.0210786052023,0.020732747841,0.0203915260544,0.0208280167344,0.0212522202628,0.0216649141654,0.0220667560777,0.0224578229203
Scotland,Urban,1. Motorcycles,0.00629450596877,0.00675048514756,0.00623139926085,0.00608239423061,0.00664765561128,0.0054188361945,0.00543127281573,0.00553827544291,0.00585522465944,0.00568430335293,0.0055158535882,0.00536856737064,0.00524219345838,0.00516755285637,0.00510414616149,0.00505960131929,0.00501755458923,0.00497724190734,0.00492907372684,0.00488721841129,0.00485865034785,0.00484125710044,0.00482522647618,0.00480846656573,0.00478769932574,0.00475661725331,0.00471199255047,0.00466819188296
Scotland,Urban,2a. Petrol Cars,0.543964656397,0.53794989236,0.519680764482,0.506067760577,0.482282499017,0.470465855842,0.47187747388,0.468395477017,0.454139709832,0.441974600721,0.433681363862,0.429048731112,0.427186279854,0.425412099634,0.425379159627,0.426848671794,0.430035438073,0.435726539202,0.442460059019,0.44963527982,0.456968923492,0.464261725129,0.471315609869,0.478305746574,0.484930588415,0.491170431059,0.497020955125,0.502465164551
Scotland,Urban,2b. Diesel Cars,0.273150601836,0.284633409543,0.296985786769,0.312999642317,0.333722483864,0.350184086757,0.344920744652,0.346430990543,0.361852521824,0.375529324601,0.385281730101,0.391308195028,0.394501872301,0.394834305974,0.393448854806,0.390577438202,0.386017435364,0.378981777794,0.371124980389,0.362843101943,0.354413173395,0.346035638472,0.337916022737,0.330181284349,0.3228287958,0.315883008162,0.309350474532,0.303236203795
Scotland,Urban,2c. Taxis (black cab),0.0,0.0,0.0,0.0,0.0,0.0,0.0,0.0,0.0,0.0,0.0,0.0,0.0,0.0,0.0,0.0,0.0,0.0,0.0,0.0,0.0,0.0,0.0,0.0,0.0,0.0,0.0,0.0
Scotland,Urban,3a. Petrol LGVs,0.00793522156808,0.00714659746593,0.00671740688469,0.00625311106274,0.00425687508797,0.00548059964159,0.00528687429991,0.0050650033136,0.00445532195274,0.0039642944204,0.00354077001254,0.00319907998747,0.00292995406746,0.00277722987957,0.00267376080851,0.00256664249644,0.00249679502511,0.00241351505046,0.00231738112834,0.00223456729074,0.00216147646642,0.00209524961693,0.00203401059477,0.00197253409994,0.00191489499969,0.00186100599937,0.00181051642457,0.00176308377502
Scotland,Urban,3b. Diesel LGVs,0.117901176026,0.114981130789,0.120484213176,0.122137280957,0.126017458864,0.124166007657,0.128732500942,0.132391979705,0.13174749583,0.131097460521,0.130422374975,0.129703237245,0.128947209877,0.131051656918,0.133065691147,0.135041842865,0.136942832783,0.138820184413,0.140445904137,0.142029060708,0.143572963987,0.14508148779,0.146558658923,0.147690389926,0.148799071347,0.149886306601,0.150953507841,0.151999334867
Scotland,Urban,4a. Buses,0.0163903374382,0.0163791312064,0.017284746128,0.0158193297456,0.0162420339824,0.0155860180617,0.0153786297781,0.0147810731457,0.0148146674136,0.014854187398,0.0148924188823,0.0149291417001,0.0149644172716,0.0147257236737,0.0144908156826,0.0142595271629,0.0140320239109,0.0138082512724,0.0136245017258,0.013444078965,0.0132667984282,0.0130926029357,0.0129215369177,0.0127515150061,0.0125846782841,0.0124210167796,0.0122604815233,0.0121028110098
Scotland,Urban,4b. Coaches,0.00637402011484,0.00636966213584,0.00672184571646,0.00615196156772,0.00631634654872,0.00606122924621,0.00598057824703,0.00574819511222,0.00576125954972,0.00577662843257,0.00579149623201,0.00580577732783,0.00581949560563,0.00572667031754,0.00563531720989,0.00554537167447,0.00545689818758,0.00536987549484,0.00529841733781,0.00522825293085,0.00515931049986,0.00509156780832,0.00502504213464,0.00495892250236,0.00489404155493,0.0048303954143,0.00476796503686,0.00470664872602
Scotland,Urban,5a. Rigid HGVs,0.0225319757359,0.0205874235428,0.0205546353182,0.0193286137503,0.0192187530745,0.0176289583319,0.0174483838352,0.0166861845447,0.0164815821795,0.0162924959715,0.0161103030071,0.0159343276769,0.0157642377372,0.0156829958328,0.0156026468697,0.0155230806914,0.0154445464278,0.0153670578327,0.0152884969548,0.0152114242346,0.0151356886369,0.0150612800318,0.0149883052541,0.0149190285942,0.0148512589093,0.0147850494032,0.014720407316,0.0146570817468
Scotland,Urban,5b. Artic HGVs,0.00545750491506,0.00520226780962,0.00533920226442,0.00515990579286,0.00529589395042,0.00500840826832,0.00494354155041,0.00496282117636,0.00489221675983,0.00482670458161,0.00476368933901,0.00470294255187,0.00464433982765,0.00462176491412,0.00459960768727,0.00457782379396,0.00455647563949,0.00453555703246,0.00451118558232,0.00448701569631,0.00446301474663,0.00443919111603,0.00441558709409,0.00441211238325,0.0044089713631,0.00440616932778,0.00440369965115,0.00440147964605
Wales,Motorway,1. Motorcycles,0.0049654953174,0.00455211333614,0.00413460739193,0.00398458366993,0.00424301891278,0.00365666362449,0.00411480732556,0.00373124472768,0.00398722319282,0.00390368717792,0.00381039093434,0.00373048270757,0.00365762751037,0.003593761861,0.00352599006927,0.00346403490506,0.00340542685372,0.00335322350305,0.0033066592349,0.00326667882413,0.00323675058841,0.0032138842325,0.00319967414136,0.00318838208306,0.00317442555658,0.00315361704433,0.0031238153435,0.00309456191676
Wales,Motorway,2a. Petrol Cars,0.395681474827,0.404809451317,0.39323546973,0.36934204707,0.336282218112,0.320545983793,0.31844945968,0.301650185961,0.281416377156,0.264337573593,0.252761009908,0.246500273411,0.244478677068,0.243807900757,0.245467800486,0.24914838732,0.255135929674,0.264462301342,0.274603101833,0.285243818897,0.295967478998,0.306462167844,0.316443942939,0.326050001601,0.334943687326,0.343097353407,0.350495295882,0.357140212614
Wales,Motorway,2b. Diesel Cars,0.380881102705,0.380175380301,0.384519902685,0.414757189339,0.438735975536,0.455389129956,0.460975592246,0.466808925206,0.489023541006,0.508263790421,0.521932636352,0.530202549815,0.534158910224,0.534553634743,0.532629448713,0.528688512886,0.522446073605,0.512867667418,0.5013243273,0.489304121957,0.477220530485,0.465387023567,0.454085568292,0.443582357972,0.433808410395,0.424794292632,0.416557043083,0.409086315369
Wales,Motorway,2c. Taxis (black cab),0.0,0.0,0.0,0.0,0.0,0.0,0.0,0.0,0.0,0.0,0.0,0.0,0.0,0.0,0.0,0.0,0.0,0.0,0.0,0.0,0.0,0.0,0.0,0.0,0.0,0.0,0.0,0.0
Wales,Motorway,3a. Petrol LGVs,0.00765939447399,0.00709949876947,0.00666916060518,0.00611630474809,0.00430920464681,0.00563004428223,0.0052738125391,0.00527591991814,0.0046344186094,0.00411751131528,0.00367226817577,0.00331328512469,0.00303061611767,0.00285117407918,0.00272523998087,0.00259777868942,0.00251010190277,0.0024104718547,0.00231153477998,0.00222629716947,0.00215115481667,0.00208328282189,0.00202085700019,0.00196066111288,0.00190464279615,0.00185275449165,0.00180473228724,0.00176028524973
Wales,Motorway,3b. Diesel LGVs,0.11380294909,0.114223362997,0.119618862137,0.119465146859,0.12756658537,0.127551758415,0.128414454202,0.137905039638,0.137144509103,0.13635833699,0.135549278102,0.13469707395,0.133810274711,0.13502460033,0.136153283948,0.137251462596,0.138279730168,0.139290648191,0.140780178579,0.142225825053,0.14363156777,0.145001507398,0.146338044655,0.147478889308,0.148595334667,0.149688661565,0.150760047949,0.151808885606
Wales,Motorway,4a. Buses,0.0,0.0,0.0,0.0,0.0,0.0,0.0,0.0,0.0,0.0,0.0,0.0,0.0,0.0,0.0,0.0,0.0,0.0,0.0,0.0,0.0,0.0,0.0,0.0,0.0,0.0,0.0,0.0
Wales,Motorway,4b. Coaches,0.00431680523065,0.00412531770111,0.00422001663822,0.00387991788349,0.00390791542618,0.00361072501087,0.00360793699303,0.003583205334,0.00358714473751,0.00359209323598,0.00359687834823,0.00360142828649,0.00360577690994,0.00353849402939,0.0034735149669,0.00341069075037,0.00334992269235,0.00329110116164,0.00325159754296,0.00321291406622,0.00317501417761,0.00313788322514,0.00310149283461,0.00306794939832,0.00303504125517,0.00300276404142,0.00297110733111,0.00294002653914
Wales,Motorway,5a. Rigid HGVs,0.0356155672874,0.0330649854464,0.033710796495,0.0313610325459,0.0369738877051,0.0308724393558,0.028272995908,0.0291355198625,0.0287360182969,0.0283615030114,0.0280014712215,0.0276544799158,0.0273199856728,0.0269586651943,0.0266097296802,0.0262722979957,0.0259458548577,0.0256297844979,0.0254662045446,0.0253061054381,0.0251492834184,0.0249957037901,0.0248452203848,0.0247200162324,0.0245973693633,0.0244773166359,0.0243598450106,0.0242446584054
Wales,Motorway,5b. Artic HGVs,0.0570772110696,0.051949890131,0.0538911843184,0.051093777885,0.047981194291,0.0527432555624,0.0508909411061,0.0519099593522,0.0514707678987,0.0510655042556,0.050676066958,0.050300426789,0.0499381317862,0.049671769005,0.0494149921552,0.0491668348576,0.0489269602465,0.0486948020323,0.048956396186,0.0492142385954,0.0494682197454,0.0497185471219,0.0499651997541,0.049951742292,0.0499410886405,0.0499332401827,0.0499281131128,0.049925054301
Wales,Rural,1. Motorcycles,0.00920601267957,0.00931788829061,0.00825935759047,0.00893187917781,0.00904448291259,0.00889296753479,0.00899257120476,0.00878162947704,0.00927468791423,0.008994727398,0.00871835174416,0.00848004431323,0.00827400712618,0.00814284414568,0.00802965389667,0.00794659920449,0.00786686193484,0.00779055022049,0.00770469010198,0.00763030106946,0.00757749805137,0.00754476710502,0.00751593986835,0.00748801636258,0.00745393085319,0.0074038930434,0.00733290013438,0.00726325567735
Wales,Rural,2a. Petrol Cars,0.475396165408,0.473971846656,0.461243152981,0.442906054046,0.418048130355,0.409665277474,0.398380953049,0.379734873603,0.363681149453,0.350311769804,0.341293989905,0.336438251269,0.334803822562,0.333251909377,0.33362492836,0.335642722174,0.339545791051,0.34620545915,0.35395007639,0.362123294492,0.370396252902,0.378526542414,0.386294416444,0.393782892648,0.400742652453,0.407147004936,0.412974041244,0.418207675124
Wales,Rural,2b. Diesel Cars,0.304751001675,0.309826729479,0.319919980431,0.339312318912,0.362237925762,0.370636659798,0.379919659608,0.396018137474,0.41356150016,0.428958196312,0.43993723732,0.446663838481,0.450086204468,0.449691980863,0.447406290386,0.443499004767,0.437748615958,0.429282984381,0.419975227648,0.41026164769,0.400462420974,0.390820372636,0.381567009407,0.372831619852,0.364654868469,0.357070185516,0.350102529428,0.343750087761
Wales,Rural,2c. Taxis (black cab),0.0,0.0,0.0,0.0,0.0,0.0,0.0,0.0,0.0,0.0,0.0,0.0,0.0,0.0,0.0,0.0,0.0,0.0,0.0,0.0,0.0,0.0,0.0,0.0,0.0,0.0,0.0,0.0
Wales,Rural,3a. Petrol LGVs,0.0096255110098,0.00891399124159,0.00825896046968,0.00765325781902,0.00525765251906,0.00678885919937,0.00646271837316,0.00619395802423,0.00544863959511,0.0048499390823,0.00433370744065,0.00391723582998,0.003589201441,0.00340137453562,0.00327361942648,0.00314161078971,0.00305501486737,0.00295234506177,0.00283575605442,0.00273542832399,0.00264703578316,0.00256719240916,0.00249375785897,0.00242101482106,0.00235332454835,0.00229064165802,0.00223264956575,0.00217896590402
Wales,Rural,3b. Diesel LGVs,0.143015422842,0.143416611567,0.148133702621,0.149485286779,0.155643751896,0.153805349497,0.157363661753,0.16190124947,0.161079991573,0.160295946081,0.159478286691,0.158601954912,0.157676995175,0.160129480715,0.162468748707,0.164757738484,0.166953418699,0.169117949384,0.171061792921,0.172951423344,0.174790314923,0.176583003866,0.178335441139,0.179716315224,0.181068597597,0.182394877103,0.183697135333,0.184972269087
Wales,Rural,4a. Buses,0.00667976543987,0.00682313908736,0.00676684649438,0.00608742229525,0.00609111807101,0.00602433248856,0.0058390056644,0.00525795950953,0.00526436042234,0.00527451995604,0.00528434094561,0.00529365405821,0.00530250563277,0.00523728759544,0.00517323518831,0.00511026681647,0.00504849299399,0.00498789143584,0.00493138021701,0.00487594159679,0.00482149574005,0.00476802197919,0.0047155699267,0.00466369863505,0.00461286424255,0.00456308176065,0.00451434368401,0.00446651984822
Wales,Rural,4b. Coaches,0.00259768655995,0.00265344297842,0.00263155141448,0.0023673308926,0.00236876813872,0.00234279596778,0.00227072442505,0.00204476203149,0.00204725127535,0.00205120220513,0.00205502147885,0.00205864324486,0.00206208552386,0.00203672295378,0.00201181368434,0.00198732598418,0.001963302831,0.00193973555838,0.00191775897328,0.00189619950986,0.00187502612113,0.00185423076969,0.00183383274927,0.0018136605803,0.00179389164988,0.00177453179581,0.00175557809934,0.00173697994097
Wales,Rural,5a. Rigid HGVs,0.0317214259627,0.0296426953861,0.0292320479277,0.0276881337754,0.0276856775925,0.0263936543252,0.0252631925534,0.0244414793822,0.0240801909457,0.0237511297006,0.0234344209062,0.023128561779,0.0228330806722,0.0226590839225,0.0224877582082,0.0223188062784,0.0221527675157,0.021989605293,0.0218401320902,0.0216937187833,0.0215500458979,0.0214090544651,0.0212710021261,0.0211268707232,0.0209856369975,0.0208474233094,0.020712250111,0.0205795723577
Wales,Rural,5b. Artic HGVs,0.0170070084233,0.0154336553138,0.0155544000706,0.015568316303,0.0136224927543,0.0154501037158,0.0155075133694,0.015625951029,0.0155622286617,0.015512569461,0.0154646435679,0.0154178161131,0.0153720973978,0.015449315892,0.0155239521431,0.0155959255014,0.0156657341501,0.0157334795155,0.0157831856045,0.0158320451911,0.0158799096069,0.0159268143557,0.0159730304816,0.0161559111531,0.0163342331889,0.0165083608777,0.0166785724014,0.0168446742999
Wales,Urban,1. Motorcycles,0.00933578559393,0.0101025786063,0.00937510338286,0.00915128563074,0.00975303914121,0.00804432271481,0.00818687538779,0.00841547621762,0.00889696363264,0.0086393144689,0.00838526840012,0.00816317319352,0.00797267789541,0.00785509374364,0.00775474609923,0.00768315660367,0.00761550718987,0.00755063111696,0.00748107836536,0.00742094215182,0.00738080851411,0.00735750609133,0.00733617919549,0.0073113181713,0.00728036371751,0.00723374609642,0.00716656371827,0.00710060917843
Wales,Urban,2a. Petrol Cars,0.534958447413,0.528939937455,0.510964561471,0.495020984174,0.49350357774,0.459793936618,0.464079372337,0.462819057334,0.447435311643,0.43438502726,0.425459432388,0.420428681349,0.418344837044,0.416516859842,0.416536913762,0.4181497208,0.421586485389,0.427683749222,0.434811414408,0.442404391337,0.450160107561,0.457867163596,0.465317219877,0.472707862473,0.479710070611,0.48630454596,0.492487716584,0.498238608557
Wales,Urban,2b. Diesel Cars,0.302060725661,0.309346277422,0.321795258468,0.338124875563,0.341487074681,0.374857040953,0.3672384988,0.368530166502,0.384791091847,0.399290543262,0.409617515949,0.415980219213,0.419329070243,0.419677561271,0.418198308271,0.415136247395,0.41027970747,0.402792427397,0.394371492635,0.385501329359,0.376475125696,0.36750638636,0.358815259006,0.350554568889,0.342703394088,0.335288511748,0.328317084157,0.321791645984
Wales,Urban,2c. Taxis (black cab),0.0,0.0,0.0,0.0,0.0,0.0,0.0,0.0,0.0,0.0,0.0,0.0,0.0,0.0,0.0,0.0,0.0,0.0,0.0,0.0,0.0,0.0,0.0,0.0,0.0,0.0,0.0,0.0
Wales,Urban,3a. Petrol LGVs,0.00748271643773,0.00691988775335,0.00654816887771,0.00612588813944,0.00401262632801,0.00536871447814,0.00514693178595,0.00486043113779,0.00427577440384,0.00380582936488,0.00340035996422,0.00307318010206,0.00281547483395,0.00266746022628,0.00256688100792,0.00246289318308,0.00239476926237,0.00231384908629,0.00222294333418,0.00214468005467,0.00207562385758,0.00201305022753,0.00195518039452,0.00189643367381,0.00184135025964,0.00178985493419,0.00174161550554,0.00169629143034
Wales,Urban,3b. Diesel LGVs,0.111177874531,0.111333613318,0.117448740045,0.119652331982,0.118786894794,0.121631187569,0.125324977179,0.127044754112,0.126438128695,0.125857091326,0.125250445732,0.124598762593,0.123908981492,0.125871857058,0.127746578649,0.129583155692,0.13134698017,0.13308761294,0.13472246002,0.136315829443,0.137870327984,0.139389750819,0.140878625367,0.141992490148,0.14308419454,0.144155766037,0.145208828986,0.146241019744
Wales,Urban,4a. Buses,0.00993819977452,0.00997765648204,0.010477617267,0.00954605759696,0.0094858016669,0.00940117654279,0.00915043555822,0.00854326176046,0.00856265646022,0.00858764448004,0.00861186800014,0.00863511421914,0.00865741800656,0.00855591750857,0.00845609406355,0.00835782562017,0.00826128976797,0.00816646611468,0.00808198028759,0.0079989303566,0.00791719561654,0.0078367683934,0.00775773239952,0.00767491101925,0.00759368121867,0.00751407189956,0.00743607543516,0.0073594865627
Wales,Urban,4b. Coaches,0.00386485546787,0.00388019974301,0.00407462893717,0.00371235573215,0.00368892287046,0.00365601309997,0.00355850271709,0.00332237957351,0.00332992195675,0.00333963952001,0.00334905977783,0.00335809997411,0.00336677366922,0.00332730125333,0.00328848102471,0.00325026551895,0.00321272379865,0.00317584793349,0.00314299233406,0.00311069513868,0.00307890940643,0.00304763215299,0.00301689593314,0.0029846876186,0.0029530982517,0.00292213907205,0.00289180711367,0.00286202255216
Wales,Urban,5a. Rigid HGVs,0.0177933535442,0.0163938757143,0.0161514645826,0.0154366662776,0.0160826546551,0.0141628803356,0.0140494405005,0.0132213538181,0.0130493437688,0.0128932310794,0.0127427858735,0.0125973382502,0.0124566198529,0.0123786523898,0.0123016858145,0.0122255741298,0.012150608337,0.0120767925561,0.0119959929069,0.0119167793287,0.0118389768608,0.0117625783804,0.0116877150941,0.0116451206966,0.0116035701807,0.011563147787,0.0115238828433,0.0114854963573
Wales,Urban,5b. Artic HGVs,0.00338804157667,0.00310597350668,0.00316445696897,0.00322955490408,0.00319940812237,0.00308472768864,0.00326496573488,0.00324311954402,0.00322080759234,0.00320167923813,0.00318326391568,0.00316543110585,0.00314814696297,0.00314929670739,0.00315031130712,0.00315116105721,0.00315192861489,0.00315262363231,0.00316964570917,0.00318642283052,0.00320292450282,0.00321916398024,0.00323519273295,0.00323260731089,0.00323027713205,0.00322821646586,0.00322642565661,0.00322481963435
